Country;ISO 3166-1 alpha-3;Year;Total;Coal;Oil;Gas;Cement;Flaring;Other;Per Capita
Afghanistan;AFG;1750;0;;;;;;;
Global;WLD;2012;35006.267581;14922.759403;11541.707139;6500.593776;1384.570572;380.351189;276.285502;4.887984
Global;WLD;2013;35319.201624;15024.486027;11626.445964;6542.527061;1444.086043;387.535385;294.121144;4.871215